name,username
Lisa Murkowski,lisamurkowski
Dan Sullivan,SenDanSullivan
Richard Shelby,SenShelby
Tommy Tuberville,SenTuberville
John Boozman,JohnBoozman
Tom Cotton,SenTomCotton
Mark Kelly,SenMarkKelly
Kyrsten Sinema,SenatorSinema
Dianne Feinstein,SenFeinstein
Alex Padilla,SenAlexPadilla
Michael Bennet,SenatorBennet
John Hickenlooper,SenatorHick
Richard Blumenthal,SenBlumenthal
Christopher Murphy,ChrisMurphyCT
Thomas Carper,SenatorCarper
Christopher Coons,ChrisCoons
Marco Rubio,marcorubio
Rick Scott,SenRickScott
Jon Ossoff,ossoff
Raphael Warnock,SenatorWarnock
Mazie Hirono,maziehirono
Brian Schatz,SenBrianSchatz
Joni Ernst,SenJoniErnst
Chuck Grassley,ChuckGrassley
Mike Crapo,MikeCrapo
James Risch,SenatorRisch
Tammy Duckworth,SenDuckworth
Richard Durbin,SenatorDurbin
Mike Braun,SenatorBraun
Todd Young,SenToddYoung
Roger Marshall,SenatorMarshall
Jerry Moran,JerryMoran
Mitch McConnell,senatemajldr
Rand Paul,RandPaul
Bill Cassidy,SenBillCassidy
John Kennedy,SenJohnKennedy
Edward Markey,SenMarkey
Elizabeth Warren,SenWarren
Benjamin Cardin,SenatorCardin
Chris Van Hollen,ChrisVanHollen
Susan Collins,SenatorCollins
Angus King,SenAngusKing
Gary Peters,SenGaryPeters
Debbie Stabenow,SenStabenow
Amy Klobuchar,SenAmyKlobuchar
Tina Smith,SenTinaSmith
Roy Blunt,RoyBlunt
Josh Hawley,HawleyMO
Cindy Hyde-Smith,SenHydeSmith
Roger Wicker,SenatorWicker
Steve Daines,SteveDaines
Jon Tester,SenatorTester
Richard Burr,SenatorBurr
Thom Tillis,SenThomTillis
Kevin Cramer,SenKevinCramer
John Hoeven,SenJohnHoeven
Deb Fischer,SenatorFischer
Ben Sasse,SenSasse
Margaret Hassan,SenatorHassan
Jeanne Shaheen,SenatorShaheen
Cory Booker,CoryBooker
Bob Menendez,SenatorMenendez
Martin Heinrich,MartinHeinrich
Ben Lujan,SenatorLujan
Catherine Cortez Masto,SenCortezMasto
Jacky Rosen,SenJackyRosen
Kirsten Gillibrand,SenGillibrand
Charles Schumer,SenSchumer
Sherrod Brown,SenSherrodBrown
Rob Portman,senrobportman
James Inhofe,JimInhofe
James Lankford,SenatorLankford
Jeff Merkley,SenJeffMerkley
Ron Wyden,RonWyden
Robert Casey,SenBobCasey
Patrick Toomey,SenToomey
Jack Reed,SenJackReed
Sheldon Whitehouse,SenWhitehouse
Lindsey Graham,LindseyGrahamSC
Tim Scott,SenatorTimScott
Mike Rounds,SenatorRounds
John Thune,SenJohnThune
Marsha Blackburn,MarshaBlackburn
Bill Hagerty,SenatorHagerty
John Cornyn,JohnCornyn
Ted Cruz,SenTedCruz
Mike Lee,SenMikeLee
Mitt Romney,SenatorRomney
Tim Kaine,timkaine
Mark Warner,MarkWarner
Patrick Leahy,SenatorLeahy
Bernie Sanders,SenSanders
Maria Cantwell,SenatorCantwell
Patty Murrary,PattyMurray
Tammy Baldwin,SenatorBaldwin
Ron Johnson,SenRonJohnson
Shelley Capito,SenCapito
Joe Manchin,Sen_JoeManchin
John Barrasso,SenJohnBarrasso
Cynthia Lummis,SenLummis
Don Young,repdonyoung
Robert Aderholt,Robert_Aderholt
Mo Brooks,RepMoBrooks
Jerry Carl,RepJerryCarl
Barry Moore,RepBarryMoore
Gary Palmer,USRepGaryPalmer
Mike Rogers,RepMikeRogersAL
Terri Sewell,RepTerriSewell
Rick Crawford,RepRickCrawford
French Hill,RepFrenchHill
Bruce Westerman,RepWesterman
Steve Womack,rep_stevewomack
Amata Radewagen,RepAmata
Andy Biggs,RepAndyBiggsAZ
Ruben Gallego,RepRubenGallego
Paul Gosar,RepGosar
Raul Grijalva,RepRaulGrijalva
Ann Kirkpatrick,RepKirkpatrick
Debbie Lesko,RepDLesko
Tom O'Halleran,RepOHalleran
David Schweikert,RepDavid
Greg Stanton,RepGregStanton
Pete Aguilar,RepPeteAguilar
Nanette Barragan,RepBarragan
Karen Bass,RepKarenBass
Ami Bera,RepBera
Julia Brownley,RepBrownley
Ken Calvert,KenCalvert
Salud Carbajal,RepCarbajal
Tony Cardenas,RepCardenas
Judy Chu,RepJudyChu
Lou Correa,RepLouCorrea
Jim Costa,RepJimCosta
Mark DeSaulnier,RepDeSaulnier
Anna Eshoo,RepAnnaEshoo
John Garamendi,RepGaramendi
Mike Garcia,RepMikeGarcia
Jimmy Gomez,RepJimmyGomez
Josh Harder,RepJoshHarder
Jared Huffman,RepHuffman
Darrell Issa,repdarrellissa
Sara Jacobs,RepSaraJacobs
Ro Khanna,RepRoKhanna
Young Kim,RepYoungKim
Doug LaMalfa,RepLaMalfa
Barbara Lee,RepBarbaraLee
Mike Levin,RepMikeLevin
Ted Lieu,RepTedLieu
Zoe Lofgren,RepZoeLofgren
Alan Lowenthal,RepLowenthal
Doris Matsui,DorisMatsui
Kevin McCarthy,GOPLeader
Tom McClintock,RepMcClintock
Jerry McNerney,RepMcNerney
Grace Napolitano,gracenapolitano
Devin Nunes,RepDevinNunes
Jay Obernolte,JayObernolte
Jimmy Panetta,RepJimmyPanetta
Nancy Pelosi,SpeakerPelosi
Scott Peters,RepScottPeters
Katie Porter,RepKatiePorter
Lucille Roybal-Allard,RepRoybalAllard
Raul Ruiz,RepRaulRuizMD
Linda Sanchez,RepLindaSanchez
Adam Schiff,RepAdamSchiff
Brad Sherman,BradSherman
Jackie Speier,RepSpeier
Michelle Steel,RepSteel
Eric Swalwell,RepSwalwell
Mark Takano,RepMarkTakano
Mike Thompson,RepThompson
Norma Torres,NormaJTorres
David Valadao,RepDavidValadao
Juan Vargas,RepJuanVargas
Maxine Waters,RepMaxineWaters
Lauren Boebert,RepBoebert
Ken Buck,RepKenBuck
Jason Crow,RepJasonCrow
Diana DeGette,RepDianaDeGette
Doug Lamborn,RepDLamborn
Joe Neguse,RepJoeNeguse
Ed Perlmutter,RepPerlmutter
Joe Courtney,RepJoeCourtney
Rosa DeLauro,rosadelauro
Jahana Hayes,RepJahanaHayes
Jim Himes,jahimes
John Larson,RepJohnLarson
Eleanor Holmes Norton,EleanorNorton
Lisa Blunt Rochester,RepLBR
Gus Bilirakis,RepGusBilirakis
Vern Buchanan,VernBuchanan
Kat Cammack,RepKatCammack
Kathy Castor,USRepKCastor
Charlie Crist,RepCharlieCrist
Val Demings,RepValDemings
Ted Deutch,RepTedDeutch
Mario Diaz-Balart,MarioDB
Byron Donalds,RepDonaldsPress
Neal Dunn,DrNealDunnFL2
Lois Frankel,RepLoisFrankel
Scott Franklin,RepFranklin
Matt Gaetz,RepMattGaetz
Carlos Gimenez,RepCarlos
Alcee Hastings,RepHastingsFL
Al Lawson,RepAlLawsonJr
Brian Mast,RepBrianMast
Stephanie Murphy,RepStephMurphy
Bill Posey,congbillposey
John Rutherford,RepRutherfordFL
Maria Salazar,RepMariaSalazar
Darren Soto,RepDarrenSoto
Greg Steube,RepGregSteube
Michael Waltz,michaelgwaltz
Debbie Wasserman Schultz,RepDWStweets
Daniel Webster,RepWebster
Frederica Wilson,RepWilson
Rick Allen,RepRickAllen
Sanford Bishop Jr.,SanfordBishop
Carolyn Bourdeaux,RepBourdeaux
Buddy Carter,RepBuddyCarter
Andrew Clyde,Rep_Clyde
Drew Ferguson,RepDrewFerguson
Marjorie Taylor Greene,RepMTG
Jody Hice,CongressmanHice
Henry Johnson,RepHankJohnson
Barry Loudermilk,RepLoudermilk
Lucy McBath,RepLucyMcBath
Austin Scott,AustinScottGA08
David Scott,repdavidscott
Nikema Williams,RepNikema
Michael San Nicolas,GuamCongressman
Ed Case,RepEdCase
Kai Kahele,KaheleRep
Cindy Axne,RepCindyAxne
Randy Feenstra,RepFeenstra
Ashley Hinson,RepAshleyHinson
Mariannette Miller-Meeks,RepMMM
Russ Fulcher,RepRussFulcher
Mike Simpson,CongMikeSimpson
Mike Bost,RepBost
Cheri Bustos,RepCheri
Sean Casten,RepCasten
Danny Davis,RepDannyDavis
Rodney Davis,RodneyDavis
Bill Foster,RepBillFoster
Jesus Garcia,RepChuyGarcia
Robin Kelly,RepRobinKelly
Adam Kinzinger,RepKinzinger
Raja Krishnamoorthi,CongressmanRaja
Darin LaHood,RepLaHood
Marie Newman,RepMarieNewman
Mike Quigley,RepMikeQuigley
Bobby Rush,RepBobbyRush
Jan Schakowsky,janschakowsky
Brad Schneider,RepSchneider
Lauren Underwood,RepUnderwood
Jim Baird,RepJimBaird
Jim Banks,RepJimBanks
Larry Bucshon,RepLarryBucshon
Andre Carson,RepAndreCarson
Trey Hollingsworth,RepTrey
Frank Mrvan,RepMrvan
Greg Pence,RepGregPence
Victoria Spartz,RepSpartz
Jackie Walorski,RepWalorski
Sharice Davids,RepDavids
Ron Estes,RepRonEstes
Jake LaTurner,RepLaTurner
Tracey Mann,RepMann
Andy Barr,RepAndyBarr
James Comer,RepJamesComer
Brett Guthrie,RepGuthrie
Thomas Massie,RepThomasMassie
Harold Rogers,RepHalRogers
John Yarmuth,RepJohnYarmuth
Garret Graves,RepGarretGraves
Clay Higgins,RepClayHiggins
Mike Johnson,RepMikeJohnson
Steve Scalise,SteveScalise
Jake Auchincloss,RepAuchincloss
Katherine Clark,RepKClark
Bill Keating,USRepKeating
Stephen Lynch,RepStephenLynch
James McGovern,RepMcGovern
Seth Moulton,teammoulton
Richard Neal,RepRichardNeal
Ayanna Pressley,RepPressley
Lori Trahan,RepLoriTrahan
Anthony Brown,RepAnthonyBrown
Andy Harris,RepAndyHarrisMD
Steny Hoyer,LeaderHoyer
Kweisi Mfume,RepKweisiMfume
Jamie Raskin,RepRaskin
Dutch Ruppersberger,Call_Me_Dutch
John Sarbanes,RepSarbanes
David Trone,RepDavidTrone
Jared Golden,RepGolden
Chellie Pingree,chelliepingree
Jack Bergman,RepJackBergman
Debbie Dingell,RepDebDingell
Bill Huizenga,RepHuizenga
Dan Kildee,RepDanKildee
Brenda Lawrence,RepLawrence
Andy Levin,RepAndyLevin
Lisa McClain,RepLisaMcClain
Peter Meijer,RepMeijer
John Moolenaar,RepMoolenaar
Elissa Slotkin,RepSlotkin
Haley Stevens,RepHaleyStevens
Rashida Tlaib,RepRashida
Fred Upton,RepFredUpton
Tim Walberg,RepWalberg
Angie Craig,RepAngieCraig
Tom Emmer,RepTomEmmer
Michelle Fischbach,RepFischbach
Jim Hagedorn,RepHagedorn
Betty McCollum,BettyMcCollum04
Ilhan Omar,Ilhan
Dean Phillips,RepDeanPhillips
Pete Stauber,RepPeteStauber
Cori Bush,RepCori
Emanuel Cleaver,repcleaver
Sam Graves,RepSamGraves
Vicky Hartzler,RepHartzler
Billy Long,USRepLong
Blaine Luetkemeyer,RepBlaine
Jason Smith,RepJasonSmith
Ann Wagner,RepAnnWagner
Gregorio Sablan,Kilili_Sablan
Michael Guest,RepMichaelGuest
Trent Kelly,RepTrentKelly
Steven Palazzo,CongPalazzo
Bernie Thompson,BennieGThompson
Matthew Rosendale,RepRosendale
Alma Adams,RepAdams
Dan Bishop,RepDanBishop
Ted Budd,RepTedBudd
G.K. Butterfield,GKButterfield
Madison Cawthorn,RepCawthorn
Virginia Foxx,virginiafoxx
Richard Hudson,RepRichHudson
Kathy Manning,RepKManning
Patrick McHenry,PatrickMcHenry
Gregory Murphy,RepGregMurphy
David Price,RepDavidEPrice
Deborah Ross,RepDeborahRoss
David Rouzer,RepDavidRouzer
Kelly Armstrong,RepArmstrongND
Don Bacon,RepDonBacon
Jeff Fortenberry,JeffFortenberry
Adrian Smith,RepAdrianSmith
Ann McLane Kuster,RepAnnieKuster
Chris Pappas,RepChrisPappas
Josh Gottheimer,RepJoshG
Andy Kim,RepAndyKimNJ
Tom Malinowski,RepMalinowski
Donald Norcross,DonaldNorcross
Frank Pallone,FrankPallone
Bill Pascrell,BillPascrell
Donald Payne,RepDonaldPayne
Mikie Sherrill,RepSherrill
Albio Sires,RepSires
Chris Smith,
Jefferson Van Drew,Congressman_JVD
Bonnie Watson Coleman,RepBonnie
Debra Haaland,RepDebHaaland
Yvette Herrell,RepHerrell
Teresa Leger Fernandez,RepTeresaLF
Mark Amodei,MarkAmodeiNV2
Steven Horsford,RepHorsford
Susie Lee,RepSusieLee
Dina Titus,repdinatitus
Jamaal Bowman,RepBowman
Yvette Clarke,RepYvetteClarke
Antonio Delgado,repdelgado
Adriano Espaillat,RepEspaillat
Andrew Garbarino,RepGarbarino
Brian Higgins,RepBrianHiggins
Chris Jacobs,RepJacobs
Hakeem Jeffries,RepJeffries
Mondaire Jones,RepMondaire
John Katko,RepJohnKatko
Nicole Malliotakis,RepMalliotakis
Carolyn Maloney,RepMaloney
Sean Patrick Maloney,RepSeanMaloney
Gregory Meeks,RepGregoryMeeks
Grace Meng,RepGraceMeng
Joe Morelle,RepJoeMorelle
Jerrold Nadler,RepJerryNadler
Alexandria Ocasio-Cortez,RepAOC
Tom Reed,RepTomReed
Kathleen Rice,RepKathleenRice
Elise Stefanik,RepStefanik
Thomas Suozzi,RepTomSuozzi
Paul Tonko,RepPaulTonko
Ritchie Torres,RepRitchie
Nydia Velazquez,NydiaVelazquez
Lee Zeldin,RepLeeZeldin
Troy Balderson,RepBalderson
Joyce Beatty,RepBeatty
Steve Chabot,RepSteveChabot
Warren Davidson,WarrenDavidson
Marcia Fudge,RepMarciaFudge
Bob Gibbs,RepBobGibbs
Anthony Gonzalez,RepAGonzalez
Bill Johnson,RepBillJohnson
Jim Jordan,Jim_Jordan
David Joyce,RepDaveJoyce
Marcy Kaptur,RepMarcyKaptur
Robert Latta,boblatta
Tim Ryan,RepTimRyan
Steve Stivers,RepSteveStivers
Mike Turner,RepMikeTurner
Brad Wenstrup,RepBradWenstrup
Stephanie Bice,RepBice
Tom Cole,TomColeOK04
Kevin Hern,repkevinhern
Frank Lucas,RepFrankLucas
Markwayne Mullin,RepMullin
Cliff Bentz,RepBentz
Earl Blumenauer,repblumenauer
Suzanne Bonamici,RepBonamici
Peter DeFazio,RepPeterDeFazio
Kurt Schrader,RepSchrader
Brendan Boyle,CongBoyle
Matt Cartwright,RepCartwright
Madeleine Dean,RepDean
Michael Doyle,USRepMikeDoyle
Dwight Evans,RepDwightEvans
Brian Fitzpatrick,RepBrianFitz
Chrissy Houlahan,RepHoulahan
John Joyce,RepJohnJoyce
Fred Keller,RepFredKeller
Mike Kelly,MikeKellyPA
Conor Lamb,RepConorLamb
Daniel Meuser,RepMeuser
Scott Perry,RepScottPerry
Guy Reschenthaler,GReschenthaler
Mary Gay Scanlon,RepMGS
Lloyd Smucker,RepSmucker
Glenn Thompson,CongressmanGT
Susan Wild,RepSusanWild
Jenniffer Gonzalez-Colon,RepJenniffer
David Cicilline,RepCicilline
Jim Langevin,JimLangevin
James Clyburn,WhipClyburn
Jeff Duncan,RepJeffDuncan
Nancy Mace,RepNancyMace
Ralph Norman,RepRalphNorman
Tom Rice,RepTomRice
William Timmons,RepTimmons
Joe Wilson,RepJoeWilson
Dusty Johnson,RepDustyJohnson
Tim Burchett,RepTimBurchett
Steve Cohen,RepCohen
Jim Cooper,repjimcooper
Scott DesJarlais,DesJarlaisTN04
Chuck Fleischmann,RepChuck
Mark Green,RepMarkGreen
Diana Harshbarger,RepHarshbarger
David Kustoff,RepDavidKustoff
John Rose,RepJohnRose
Colin Allred,RepColinAllred
Jodey Arrington,RepArrington
Brian Babin,RepBrianBabin
Kevin Brady,RepKevinBrady
Michael Burgess,michaelcburgess
John Carter,JudgeCarter
Joaquin Castro,JoaquinCastrotx
Michael Cloud,RepCloudTX
Dan Crenshaw,RepDanCrenshaw
Henry Cuellar,RepCuellar
Lloyd Doggett,RepLloydDoggett
Veronica Escobar,RepEscobar
Pat Fallon,RepPatFallon
Lizzie Fletcher,RepFletcher
Sylvia Garcia,RepSylviaGarcia
Louie Gohmert,replouiegohmert
Tony Gonzales,RepTonyGonzales
Vicente Gonzalez,RepGonzalez
Lance Gooden,Lancegooden
Kay Granger,RepKayGranger
Al Green,RepAlGreen
Sheila Jackson Lee,JacksonLeeTX18
Ronny Jackson,RepRonnyJackson
Eddie Bernice Johnson,RepEBJ
Michael McCaul,RepMcCaul
Troy Nehls,RepTroyNehls
August Pfluger,RepPfluger
Chip Roy,RepChipRoy
Pete Sessions,PeteSessions
Van Taylor,RepVanTaylor
Beth Van Duyne,RepBethVanDuyne
Marc Veasey,RepVeasey
Filemon Vela,RepFilemonVela
Randy Weber,TXRandy14
Roger Williams,RepRWilliams
Ron Wright,RepRonWright
John Curtis,RepJohnCurtis
Blake Moore,RepBlakeMoore
Burgess Owens,RepBurgessOwens
Chris Stewart,RepChrisStewart
Don Beyer,RepDonBeyer
Ben Cline,RepBenCline
Gerry Connolly,GerryConnolly
Bob Good,RepBobGood
Morgan Griffith,RepMGriffith
Elaine Luria,RepElaineLuria
Donald McEachin,RepMcEachin
Robert Scott,BobbyScott
Abigail Spanberger,RepSpanberger
Jennifer Wexton,RepWexton
Robert Wittman,RobWittman
Stacey Plaskett,StaceyPlaskett
Peter Welch,PeterWelch
Suzan DelBene,RepDelBene
Jaime Herrera Beutler,HerreraBeutler
Pramila Jayapal,RepJayapal
Derek Kilmer,RepDerekKilmer
Rick Larsen,RepRickLarsen
Dan Newhouse,RepNewhouse
Cathy McMorris Rodgers,cathymcmorris
Kim Schrier,RepKimSchrier
Adam Smith,RepAdamSmith
Marilyn Strickland,RepStricklandWA
Scott Fitzgerald,RepFitzgerald
Mike Gallagher,RepGallagher
Glenn Grothman,RepGrothman
Ron Kind,RepRonKind
Gwen Moore,RepGwenMoore
Mark Pocan,repmarkpocan
Bryan Steil,RepBryanSteil
Thomas Tiffany,RepTiffany
David McKinley,RepMcKinley
Carol Miller,RepCarolMiller
Mary Miller,RepMaryMiller
Alex Mooney,RepAlexMooney
Liz Cheney,RepLizCheney
Mike Carey,RepMikeCarey
Julia Letlow,RepJuliaLetlow
Claudia Tenney,RepTenney